<Filters Version="1">
	<Trusted>
		<File>%windir%\system32\kstvtune.ax</File>
		<File>%windir%\system32\kswdmcap.ax</File>
		<File>%windir%\system32\ksxbar.ax</File>
		<File>%windir%\system32\vbisurf.ax</File>
		<File>%windir%\system32\wstdecod.dll</File>
		<File>%windir%\system32\d3d8.dll</File>
		<File>%windir%\system32\d3d8d.dll</File>
		<File>%windir%\system32\d3d8thk.dll</File>
		<File>%windir%\system32\d3d9.dll</File>
		<File>%windir%\system32\d3d9d.dll</File>
		<File>%windir%\system32\d3dim700.dll</File>
		<File>%windir%\system32\d3dref.dll</File>
		<File>%windir%\system32\d3dref8.dll</File>
		<File>%windir%\system32\d3dref9.dll</File>
		<File>%windir%\system32\d3dx8d.dll</File>
		<File>%windir%\system32\d3dx9d.dll</File>
		<File>%windir%\system32\ddraw.dll</File>
		<File>%windir%\system32\ddrawex.dll</File>
		<File>%windir%\system32\dsdmo.dll</File>
		<File>%windir%\system32\dsdmoprp.dll</File>
		<File>%windir%\system32\dmband.dll</File>
		<File>%windir%\system32\dmbandd.dll</File>
		<File>%windir%\system32\dmcompod.dll</File>
		<File>%windir%\system32\dmcompos.dll</File>
		<File>%windir%\system32\dmime.dll</File>
		<File>%windir%\system32\dmimed.dll</File>
		<File>%windir%\system32\dmloaded.dll</File>
		<File>%windir%\system32\dmloader.dll</File>
		<File>%windir%\system32\dmscripd.dll</File>
		<File>%windir%\system32\dmscript.dll</File>
		<File>%windir%\system32\dmstyle.dll</File>
		<File>%windir%\system32\dmstyled.dll</File>
		<File>%windir%\system32\dmsynth.dll</File>
		<File>%windir%\system32\dmsynthd.dll</File>
		<File>%windir%\system32\dmusic.dll</File>
		<File>%windir%\system32\dmusicd.dll</File>
		<File>%windir%\system32\dplaysvr.exe</File>
		<File>%windir%\system32\dplayx.dll</File>
		<File>%windir%\system32\dpmodemx.dll</File>
		<File>%windir%\system32\dpnaddr.dll</File>
		<File>%windir%\system32\dpnet.dll</File>
		<File>%windir%\system32\dpnetd.dll</File>
		<File>%windir%\system32\dpnhpast.dll</File>
		<File>%windir%\system32\dpnhpastd.dll</File>
		<File>%windir%\system32\dpnhupnp.dll</File>
		<File>%windir%\system32\dpnhupnpd.dll</File>
		<File>%windir%\system32\dpnlobby.dll</File>
		<File>%windir%\system32\dpnsvr.exe</File>
		<File>%windir%\system32\dpnsvrd.exe</File>
		<File>%windir%\system32\dpvacm.dll</File>
		<File>%windir%\system32\dpvacmd.dll</File>
		<File>%windir%\system32\dpvoice.dll</File>
		<File>%windir%\system32\dpvoiced.dll</File>
		<File>%windir%\system32\dpvsetup.exe</File>
		<File>%windir%\system32\dpvvox.dll</File>
		<File>%windir%\system32\dpvvoxd.dll</File>
		<File>%windir%\system32\dpwsockx.dll</File>
		<File>%windir%\system32\amstream.dll</File>
		<File>%windir%\system32\devenum.dll</File>
		<File>%windir%\system32\ksuser.dll</File>
		<File>%windir%\system32\ksolay.ax</File>
		<File>%windir%\system32\ksproxy.ax</File>
		<File>%windir%\system32\l3codecx.ax</File>
		<File>%windir%\system32\mciqtz32.dll</File>
		<File>%windir%\system32\Mpeg2Data.ax</File>
		<File>%windir%\system32\mpg2splt.ax</File>
		<File>%windir%\system32\msdmo.dll</File>
		<File>%windir%\system32\qasf.dll</File>
		<File>%windir%\system32\qcap.dll</File>
		<File>%windir%\system32\qdv.dll</File>
		<File>%windir%\system32\qdvd.dll</File>
		<File>%windir%\system32\qedit.dll</File>
		<File>%windir%\system32\qedwipes.dll</File>
		<File>%windir%\system32\quartz.dll</File>
		<File>%windir%\system32\encapi.dll</File>
		<File>%windir%\system32\mswebdvd.dll</File>
		<File>%windir%\system32\dsound.dll</File>
		<File>%windir%\system32\dsound.vxd</File>
		<File>%windir%\system32\dsound3d.dll</File>
		<File>%windir%\system32\dswave.dll</File>
		<File>%windir%\system32\dswaved.dll</File>
		<File>%windir%\system32\bdaplgin.ax</File>
		<File>%windir%\system32\psisdecd.dll</File>
		<File>%windir%\system32\psisrndr.ax</File>
		<File>%windir%\system32\MSVidCtl.dll</File>
		<File>%windir%\system32\MSDvbNP.ax</File>
		<File>%windir%\system32\ipsink.ax</File>
		<File>%windir%\system32\dxdiagn.dll</File>
		<File>%windir%\system32\dx7vb.dll</File>
		<File>%windir%\system32\dx8vb.dll</File>
		<File>%windir%\system32\Microsoft.DirectX.AudioVideoPlayback.dll</File>
		<File>%windir%\system32\Microsoft.DirectX.Diagnostics.dll</File>
		<File>%windir%\system32\Microsoft.DirectX.Direct3D.dll</File>
		<File>%windir%\system32\Microsoft.DirectX.Direct3DX.dll</File>
		<File>%windir%\system32\Microsoft.DirectX.DirectDraw.dll</File>
		<File>%windir%\system32\Microsoft.DirectX.DirectInput.dll</File>
		<File>%windir%\system32\Microsoft.DirectX.DirectPlay.dll</File>
		<File>%windir%\system32\Microsoft.DirectX.DirectSound.dll</File>
		<File>%windir%\system32\Microsoft.DirectX.dll</File>
		<File>%windir%\system32\dxdllreg.exe</File>
		<File>%windir%\System32\qasf.dll</File>
		<File>%windir%\System32\qedit.dll</File>
		<File>%windir%\System32\quartz.dll</File>
		<File>%windir%\System32\qdv.dll</File>
		<File>%windir%\System32\qdvd.dll</File>
		<File>%windir%\System32\blackbox.dll</File>
		<File>%windir%\System32\drmclien.dll</File>
		<File>%windir%\System32\drmstor.dll</File>
		<File>%windir%\System32\drmv2clt.dll</File>
		<File>%windir%\System32\l3codeca.acm</File>
		<File>%windir%\System32\LAPRXY.dll</File>
		<File>%windir%\System32\logagent.exe</File>
		<File>%windir%\System32\mp43dmod.dll</File>
		<File>%windir%\System32\mp4sdmod.dll</File>
		<File>%windir%\System32\mpg4dmod.dll</File>
		<File>%windir%\System32\msdmo.dll</File>
		<File>%windir%\System32\msnetobj.dll</File>
		<File>%windir%\System32\npdrmv2.dll</File>
		<File>%windir%\System32\npwmsdrm.dll</File>
		<File>%windir%\System32\qasf.dll</File>
		<File>%windir%\System32\wmadmod.dll</File>
		<File>%windir%\System32\wmadmoe.dll</File>
		<File>%windir%\System32\WMASF.dll</File>
		<File>%windir%\System32\wmidx.dll</File>
		<File>%windir%\System32\WMNetMgr.dll</File>
		<File>%windir%\System32\wmsdmod.dll</File>
		<File>%windir%\System32\wmsdmoe2.dll</File>
		<File>%windir%\System32\wmspdmod.dll</File>
		<File>%windir%\System32\wmspdmoe.dll</File>
		<File>%windir%\System32\WMVCORE.dll</File>
		<File>%windir%\System32\wmvdmod.dll</File>
		<File>%windir%\System32\wmvdmoe2.dll</File>	
		<File>%moviemakerdir%\wmm2filt.dll</File>	
		<File>%moviemakerdir%\wmm2fxa.dll</File>	
		<File>%moviemakerdir%\wmm2fxb.dll</File>
		<File>%windir%\System32\wmpasf.dll</File>
		<File>%windir%\System32\iac25_32.ax</File>
		<File>%windir%\System32\mpg4ds32.ax</File>
		<File>%windir%\System32\ir50_32.dll</File>
	</Trusted>
	<Exclude>
		<Filter>
			<Guid>{79A00187-F159-4B89-981B-F81D51504201}</Guid>
			<MinVersion>0.0.0.0</MinVersion>
			<MaxVersion>0.4.0.0</MaxVersion>
		</Filter>
		<Filter>
			<Guid>{7E2E0DC1-31FD-11D2-9C21-00104B3801F6}</Guid>
			<MinVersion>0.0.0.0</MinVersion>
			<MaxVersion>255.255.255.255</MaxVersion>
		</Filter>
		<Filter>
			<Guid>{D3CD7858-971A-4838-ACEC-40CA5D529DC8}</Guid>
			<MinVersion>0.0.0.0</MinVersion>
			<MaxVersion>255.255.255.255</MaxVersion>
		</Filter>
		<Filter>
			<Guid>{04FE9017-F873-410E-871E-AB91661A4EF7}</Guid>
			<MinVersion>0.0.0.0</MinVersion>
			<MaxVersion>255.255.255.255</MaxVersion>
		</Filter>
		<Filter>
			<Guid>{52780691-D7FB-4335-B38E-EC40280EDC57}</Guid>
			<MinVersion>0.0.0.0</MinVersion>
			<MaxVersion>255.255.255.255</MaxVersion>
		</Filter>
		<Filter>
			<Guid>{00A95963-3BE5-48C0-AD9F-3356D67EA09D}</Guid>
			<MinVersion>0.0.0.0</MinVersion>
			<MaxVersion>255.255.255.255</MaxVersion>
		</Filter>
	</Exclude>
</Filters>
