<TransitionsAndEffects Version="1.0">
<Effects>
<EffectDLL guid="{EC85D8F1-1C4E-46e4-A748-7AA04E7C0496}">
<Effect name="Fade In From Red" iconid="9">
<Param name="FadeIn" value="1" />
<Param name="FadeColor" value="0x0000FF" />
</Effect>
<Effect name="Fade Out To Red" iconid="10">
<Param name="FadeIn" value="0" />
<Param name="FadeColor" value="0x0000FF" />
</Effect>
<Effect name="Fade In From Green" iconid="9">
<Param name="FadeIn" value="1" />
<Param name="FadeColor" value="0x00FF00" />
</Effect>
<Effect name="Fade Out To Green" iconid="10">
<Param name="FadeIn" value="0" />
<Param name="FadeColor" value="0x00FF00" />
</Effect>
<Effect name="Fade In From Yellow" iconid="9">
<Param name="FadeIn" value="1" />
<Param name="FadeColor" value="0x00FFFF" />
</Effect>
<Effect name="Fade Out To Yellow" iconid="10">
<Param name="FadeIn" value="0" />
<Param name="FadeColor" value="0x00FFFF" />
</Effect>
<Effect name="Fade In From Blue" iconid="9">
<Param name="FadeIn" value="1" />
<Param name="FadeColor" value="0xFF0000" />
</Effect>
<Effect name="Fade Out To Blue" iconid="10">
<Param name="FadeIn" value="0" />
<Param name="FadeColor" value="0xFF0000" />
</Effect>
</EffectDLL>
</Effects>
</TransitionsAndEffects> 