<TransitionsAndEffects Version="1.0">
<Effects>
<EffectDLL guid="{E673DCF2-C316-4c6f-AA96-4E4DC6DC291E}">
<Effect name="Accents" iconid="1">
<Param name="EffectID" value="1" />
<Param name="Control1Value" value="5" />
<Param name="Control2Value" value="5" />
<Param name="Control3Value" value="5" />
</Effect>
<Effect name="Angled Strokes" iconid="1">
<Param name="EffectID" value="2" />
<Param name="Control1Value" value="5" />
<Param name="Control2Value" value="5" />
<Param name="Control3Value" value="5" />
</Effect>
<Effect name="Bas Relief" iconid="1">
<Param name="EffectID" value="3" />
<Param name="Control1Value" value="5" />
<Param name="Control2Value" value="5" />
<Param name="Control3Value" value="5" />
</Effect>
<Effect name="Mosaic" iconid="1">
<Param name="EffectID" value="4" />
<Param name="Control1Value" value="5" />
<Param name="Control2Value" value="5" />
<Param name="Control3Value" value="5" />
</Effect>
<Effect name="Chalk and Charcoal" iconid="1">
<Param name="EffectID" value="5" />
<Param name="Control1Value" value="5" />
<Param name="Control2Value" value="5" />
<Param name="Control3Value" value="5" />
</Effect>
<Effect name="Charcoal" iconid="1">
<Param name="EffectID" value="6" />
<Param name="Control1Value" value="5" />
<Param name="Control2Value" value="5" />
<Param name="Control3Value" value="5" />
</Effect>
<Effect name="Chrome" iconid="1">
<Param name="EffectID" value="7" />
<Param name="Control1Value" value="20" />
<Param name="Control2Value" value="20" />
<Param name="Control3Value" value="20" />
</Effect>
<Effect name="Colored Pencil" iconid="1">
<Param name="EffectID" value="8" />
<Param name="Control1Value" value="5" />
<Param name="Control2Value" value="5" />
<Param name="Control3Value" value="5" />
</Effect>
<Effect name="Craquelure" iconid="1">
<Param name="EffectID" value="9" />
<Param name="Control1Value" value="5" />
<Param name="Control2Value" value="5" />
<Param name="Control3Value" value="5" />
</Effect>
<Effect name="Crosshatch" iconid="1">
<Param name="EffectID" value="10" />
<Param name="Control1Value" value="5" />
<Param name="Control2Value" value="5" />
<Param name="Control3Value" value="5" />
</Effect>
<Effect name="Cutout" iconid="1">
<Param name="EffectID" value="11" />
<Param name="Control1Value" value="5" />
<Param name="Control2Value" value="5" />
<Param name="Control3Value" value="5" />
</Effect>
<Effect name="Dark Stokes" iconid="1">
<Param name="EffectID" value="12" />
<Param name="Control1Value" value="5" />
<Param name="Control2Value" value="5" />
<Param name="Control3Value" value="5" />
</Effect>
<Effect name="Diffuse Glow" iconid="1">
<Param name="EffectID" value="13" />
<Param name="Control1Value" value="5" />
<Param name="Control2Value" value="5" />
<Param name="Control3Value" value="5" />
</Effect>
<Effect name="Dry Brush" iconid="1">
<Param name="EffectID" value="14" />
<Param name="Control1Value" value="5" />
<Param name="Control2Value" value="5" />
<Param name="Control3Value" value="5" />
</Effect>
<Effect name="Emboss" iconid="1">
<Param name="EffectID" value="15" />
<Param name="Control1Value" value="20" />
<Param name="Control2Value" value="20" />
<Param name="Control3Value" value="20" />
</Effect>
<Effect name="Ink Outline" iconid="1">
<Param name="EffectID" value="17" />
<Param name="Control1Value" value="5" />
<Param name="Control2Value" value="5" />
<Param name="Control3Value" value="5" />
</Effect>
<Effect name="Note Paper" iconid="1">
<Param name="EffectID" value="18" />
<Param name="Control1Value" value="10" />
<Param name="Control2Value" value="10" />
<Param name="Control3Value" value="10" />
</Effect>
<Effect name="Fresco" iconid="1">
<Param name="EffectID" value="19" />
<Param name="Control1Value" value="5" />
<Param name="Control2Value" value="5" />
<Param name="Control3Value" value="5" />
</Effect>
<Effect name="Glowing Edges" iconid="1">
<Param name="EffectID" value="20" />
<Param name="Control1Value" value="5" />
<Param name="Control2Value" value="5" />
<Param name="Control3Value" value="5" />
</Effect>
<Effect name="Grain" iconid="1">
<Param name="EffectID" value="21" />
<Param name="Control1Value" value="20" />
<Param name="Control2Value" value="20" />
<Param name="Control3Value" value="20" />
</Effect>
<Effect name="Halftone Screen" iconid="1">
<Param name="EffectID" value="22" />
<Param name="Control1Value" value="5" />
<Param name="Control2Value" value="5" />
<Param name="Control3Value" value="5" />
</Effect>
<Effect name="Patchwork" iconid="1">
<Param name="EffectID" value="23" />
<Param name="Control1Value" value="5" />
<Param name="Control2Value" value="5" />
<Param name="Control3Value" value="5" />
</Effect>
<Effect name="Neon Glow" iconid="1">
<Param name="EffectID" value="24" />
<Param name="Control1Value" value="10" />
<Param name="Control2Value" value="10" />
<Param name="Control3Value" value="10" />
</Effect>
<Effect name="Paint Daubs" iconid="1">
<Param name="EffectID" value="25" />
<Param name="Control1Value" value="5" />
<Param name="Control2Value" value="5" />
<Param name="Control3Value" value="5" />
</Effect>
<Effect name="Palette Knife" iconid="1">
<Param name="EffectID" value="26" />
<Param name="Control1Value" value="5" />
<Param name="Control2Value" value="5" />
<Param name="Control3Value" value="5" />
</Effect>
<Effect name="Plaster" iconid="1">
<Param name="EffectID" value="27" />
<Param name="Control1Value" value="20" />
<Param name="Control2Value" value="20" />
<Param name="Control3Value" value="20" />
</Effect>
<Effect name="Plastic Wrap" iconid="1">
<Param name="EffectID" value="28" />
<Param name="Control1Value" value="10" />
<Param name="Control2Value" value="10" />
<Param name="Control3Value" value="10" />
</Effect>
<Effect name="Poster Edges" iconid="1">
<Param name="EffectID" value="29" />
<Param name="Control1Value" value="5" />
<Param name="Control2Value" value="5" />
<Param name="Control3Value" value="5" />
</Effect>
<Effect name="Ripple" iconid="1">
<Param name="EffectID" value="30" />
<Param name="Control1Value" value="5" />
<Param name="Control2Value" value="5" />
<Param name="Control3Value" value="5" />
</Effect>
<Effect name="Reticulation" iconid="1">
<Param name="EffectID" value="31" />
<Param name="Control1Value" value="5" />
<Param name="Control2Value" value="5" />
<Param name="Control3Value" value="5" />
</Effect>
<Effect name="Sponge" iconid="1">
<Param name="EffectID" value="33" />
<Param name="Control1Value" value="5" />
<Param name="Control2Value" value="5" />
<Param name="Control3Value" value="5" />
</Effect>
<Effect name="Spayed Strokes" iconid="1">
<Param name="EffectID" value="34" />
<Param name="Control1Value" value="5" />
<Param name="Control2Value" value="5" />
<Param name="Control3Value" value="5" />
</Effect>
<Effect name="Stamp" iconid="1">
<Param name="EffectID" value="35" />
<Param name="Control1Value" value="5" />
<Param name="Control2Value" value="5" />
<Param name="Control3Value" value="5" />
</Effect>
<Effect name="Photocopy" iconid="1">
<Param name="EffectID" value="36" />
<Param name="Control1Value" value="5" />
<Param name="Control2Value" value="5" />
<Param name="Control3Value" value="5" />
</Effect>
<Effect name="Sumie" iconid="1">
<Param name="EffectID" value="37" />
<Param name="Control1Value" value="5" />
<Param name="Control2Value" value="5" />
<Param name="Control3Value" value="5" />
</Effect>
<Effect name="Torn Edges" iconid="1">
<Param name="EffectID" value="39" />
<Param name="Control1Value" value="20" />
<Param name="Control2Value" value="20" />
<Param name="Control3Value" value="20" />
</Effect>
<Effect name="Water Paper" iconid="1">
<Param name="EffectID" value="41" />
<Param name="Control1Value" value="5" />
<Param name="Control2Value" value="5" />
<Param name="Control3Value" value="5" />
</Effect>
<Effect name="Stained Glass" iconid="1">
<Param name="EffectID" value="42" />
<Param name="Control1Value" value="5" />
<Param name="Control2Value" value="5" />
<Param name="Control3Value" value="5" />
</Effect>
<Effect name="Texturizer" iconid="1">
<Param name="EffectID" value="44" />
<Param name="Control1Value" value="20" />
<Param name="Control2Value" value="20" />
<Param name="Control3Value" value="20" />
</Effect>
<Effect name="Spatter" iconid="1">
<Param name="EffectID" value="48" />
<Param name="Control1Value" value="5" />
<Param name="Control2Value" value="5" />
<Param name="Control3Value" value="5" />
</Effect>
</EffectDLL>
</Effects>
</TransitionsAndEffects>