<!--	Rehans Split Video effects. 
		June 20, 2004.
		Freezing a transition in the middle to create a split video effect. 
		Comments and Suggestions to rehan@ntlworld.com -->

<TransitionsAndEffects Version="1.0">
	<Transitions>
		<TransitionDLL guid="{DE75D012-7A65-11D2-8CEA-00A0C9441E20}">
			<Transition name="SPLIT: Vertical" iconid="41">
				<Param name="MaskNum" value="1" />
				<Param name="Progress" value="0.5" />
			</Transition>
			<Transition name="SPLIT: Vertical Soft" iconid="41">
				<Param name="MaskNum" value="1" />
				<Param name="BorderSoftness" value="50" />
				<Param name="Progress" value="0.5" />
			</Transition>
			<Transition name="SPLIT: Horizontal" iconid="40">
				<Param name="MaskNum" value="2" />
				<Param name="Progress" value="0.5" />
			</Transition>
			<Transition name="SPLIT: Horizontal Soft" iconid="40">
				<Param name="MaskNum" value="2" />
				<Param name="BorderSoftness" value="50" />
				<Param name="Progress" value="0.5" />
			</Transition>
			<Transition name="SPLIT: Inset, Top Left" iconid="27">
				<Param name="MaskNum" value="3" />
				<Param name="Progress" value="0.5" />
			</Transition>
			<Transition name="SPLIT: Inset, Top Right" iconid="28">
				<Param name="MaskNum" value="4" />
				<Param name="Progress" value="0.5" />
			</Transition>
			<Transition name="SPLIT: Inset, Bottom Right" iconid="25">
				<Param name="MaskNum" value="5" />
				<Param name="Progress" value="0.5" />
			</Transition>
			<Transition name="SPLIT: Inset, Bottom Left" iconid="24">
				<Param name="MaskNum" value="6" />
				<Param name="Progress" value="0.5" />
			</Transition>
			<Transition name="SPLIT: Center, Vertical" iconid="50">
				<Param name="MaskNum" value="21" />
				<Param name="Progress" value="0.5" />
			</Transition>
			<Transition name="SPLIT: Center, Horizontal" iconid="22">
				<Param name="MaskNum" value="22" />
				<Param name="Progress" value="0.5" />
			</Transition>
			<Transition name="SPLIT: Diagonal /" iconid="9">
				<Param name="MaskNum" value="41" />
				<Param name="Progress" value="0.5" />
			</Transition>
			<Transition name="SPLIT: Diagonal \" iconid="6">
				<Param name="MaskNum" value="42" />
				<Param name="Progress" value="0.5" />
			</Transition>
			<Transition name="SPLIT: Diagonal / Soft" iconid="9">
				<Param name="MaskNum" value="41" />
				<Param name="BorderSoftness" value="50" />
				<Param name="Progress" value="0.5" />
			</Transition>
			<Transition name="SPLIT: Diagonal \ Soft" iconid="6">
				<Param name="MaskNum" value="42" />
				<Param name="BorderSoftness" value="50" />
				<Param name="Progress" value="0.5" />
			</Transition>
			<Transition name="SPLIT: Rectangle" iconid="39">
				<Param name="MaskNum" value="101" />
				<Param name="BorderSoftness" value="25" />
				<Param name="Progress" value="0.5" />
			</Transition>
			<Transition name="SPLIT: Diamond" iconid="11">
				<Param name="MaskNum" value="102" />
				<Param name="BorderSoftness" value="25" />
				<Param name="Progress" value="0.5" />
			</Transition>
			<Transition name="SPLIT: Circle" iconid="80">
				<Param name="MaskNum" value="119" />
				<Param name="Progress" value="0.5" />
			</Transition>
			<Transition name="SPLIT: Circle, Soft" iconid="80">
				<Param name="MaskNum" value="119" />
				<Param name="BorderSoftness" value="25" />
				<Param name="Progress" value="0.5" />
			</Transition>
			<Transition name="SPLIT: Star 4" iconid="45">
				<Param name="MaskNum" value="127" />
				<Param name="BorderSoftness" value="50" />
				<Param name="Progress" value="0.3" />
			</Transition>
			<Transition name="SPLIT: Star 5" iconid="46">
				<Param name="MaskNum" value="128" />
				<Param name="BorderSoftness" value="25" />
				<Param name="Progress" value="0.3" />
			</Transition>
			<Transition name="SPLIT: Star 6" iconid="47">
				<Param name="MaskNum" value="129" />
				<Param name="BorderSoftness" value="50" />
				<Param name="Progress" value="0.5" />
			</Transition>
			<Transition name="SPLIT: Heart" iconid="18">
				<Param name="MaskNum" value="130" />
				<Param name="BorderSoftness" value="25" />
				<Param name="Progress" value="0.3" />
			</Transition>
			<Transition name="SPLIT: Heart Border" iconid="18">
				<Param name="MaskNum" value="130" />
				<Param name="BorderWidth" value="1" />
				<Param name="BorderSoftness" value="15" />
				<Param name="BorderColor" value="16777215" />
				<Param name="Progress" value="0.3" />
			</Transition>
			<Transition name="SPLIT: Eye" iconid="3">
				<Param name="MaskNum" value="122" />
				<Param name="BorderSoftness" value="25" />
				<Param name="Progress" value="0.5" />
			</Transition>
		</TransitionDLL>
	</Transitions>
</TransitionsAndEffects>
