<TransitionsAndEffects Version="1.0">
<Transitions>
<TransitionDLL guid="{C63344D8-70D3-4032-9B32-7A3CAD5091A5}">
<Transition name="Shattere-D 1" iconid="76" comment="Shatter, in">
<Param name="InternalName" value="ParticleSystem" />
<Param name="ScatterDirection" value="in" />
<Param name="MaxParticles" value="600" />
<Param name="SpinDirection" value="right" />
<Param name="ParticleSpeed" value="40.0" />
<Param name="ParticleSpinSpeed" value="0.5" />
<Param name="ExponentialProgressDuration" value="0.9" />
<Param name="ExponentialProgressScale" value="0.25" />
</Transition>
<Transition name="Shattere-D 2" iconid="76" comment="Shatter, in">
<Param name="InternalName" value="ParticleSystem" />
<Param name="ScatterDirection" value="in" />
<Param name="MaxParticles" value="100" />
<Param name="SpinDirection" value="left" />
<Param name="ParticleSpeed" value="3.0" />
<Param name="ParticleSpinSpeed" value="3.0" />
<Param name="ExponentialProgressDuration" value="0.9" />
<Param name="ExponentialProgressScale" value="0.25" />
</Transition>
<Transition name="Ayumi Shatter: Back Down" iconid="76" comment="Credits to Daniel 2005 http://www.danielfx.moo.no">
<Param name="InternalName" value="ParticleSystem" />
<Param name="ScatterDirection" value="in" />
<Param name="MaxParticles" value="600" />
<Param name="SpinDirection" value="right" />
<Param name="ParticleSpeed" value="-80.0" />
<Param name="ParticleSpinSpeed" value="0.9" />
<Param name="ExponentialProgressDuration" value="0.9" />
<Param name="ExponentialProgressScale" value="0.25" />
</Transition>
<Transition name="Blend Static" iconid="33">
<Param name="InternalName" value="Simple3D" />
<Param name="FadeStartA" value="0.0" />
<Param name="Progress" value="0.25" />
</Transition>
<Transition name="Blend, Squeeze Center" iconid="33">
<Param name="InternalName" value="Simple3D" />
<Param name="ScaleA" value="smaller" />
<Param name="FadeStartA" value="0.0" />
</Transition>
<Transition name="Blend, Squeeze down" iconid="73" >
<Param name="InternalName" value="Simple3D" />
<Param name="MoveA" value="down" />
<Param name="ScaleA" value="smaller" />
<Param name="MoveSpeedA" value="0.75" />
<Param name="FadeStartA" value="0.2" />
</Transition>
<Transition name="Blend, Squeeze right" iconid="73">
<Param name="InternalName" value="Simple3D" />
<Param name="MoveA" value="right" />
<Param name="ScaleA" value="smaller" />
<Param name="MoveSpeedA" value="0.75" />
<Param name="FadeStartA" value="0.2" />
</Transition>
<Transition name="Blend, Squeeze up" iconid="73">
<Param name="InternalName" value="Simple3D" />
<Param name="MoveA" value="up" />
<Param name="MoveSpeedA" value="slower" />
<Param name="ScaleA" value="smaller" />
<Param name="FadeStartA" value="0.2" />
</Transition>
<Transition name="Blend, Zoom" iconid="33">
<Param name="InternalName" value="Simple3D" />
<Param name="ScaleA" value="bigger" />
<Param name="FadeStartA" value="0.2" />
</Transition>
<Transition name="BlendZoom" iconid="19">
<Param name="InternalName" value="Simple3D" />
<Param name="ScaleA" value="1.2" />
<Param name="FadeStartA" value="0.0" />
</Transition>
<Transition name="book" iconid="72" comment="By Daniel">
<Param name="InternalName" value="Simple3D" />
<Param name="PageCurlA" value="lowerright" />
<Param name="ShowABack" value="true" />
<Param name="MoveA" value="left" />
<Param name="MoveSpeedA" value="0.1" />
<Param name="FadeStartA" value="0.7" />
</Transition>
<Transition name="Break, move, spin" iconid="74" comment="Based on the shatter transition">
<Param name="InternalName" value="ParticleSystem" />
<Param name="DepthBufferFormat" value="80" />
<Param name="ScatterDirection" value="right" />
<Param name="SpinDirection" value="down" />
<Param name="PulseMode" value="in" />
<Param name="XProgressStart" value="0.5" />
<Param name="ParticleSpinSpeed" value="0.33" />
<Param name="MaxParticles" value="10" />
</Transition> 
<Transition name="Break, move, spin 2" iconid="74" comment="Based on the shatter transition">
<Param name="InternalName" value="ParticleSystem" />
<Param name="ScatterDirection" value="right" />
<Param name="SpinDirection" value="down" />
<Param name="ParticleSpeed" value="-80.0" />
<Param name="ParticleSpinSpeed" value="0.33" />
<Param name="ExponentialProgressDuration" value="0.9" />
<Param name="ExponentialProgressScale" value="0.25" />
<Param name="ParticleSpeed" value="2.0" />
<Param name="MaxParticles" value="10" />
<Param name="PulseMode" value="in" />
</Transition> 
<Transition name="Break, move, spin, up" iconid="74" comment="Based on the shatter transition">
<Param name="InternalName" value="ParticleSystem" />
<Param name="ScatterDirection" value="up" />
<Param name="SpinDirection" value="down" />
<Param name="ParticleSpeed" value="-80.0" />
<Param name="ParticleSpinSpeed" value="0.33" />
<Param name="ExponentialProgressDuration" value="0.9" />
<Param name="ExponentialProgressScale" value="0.25" />
<Param name="ParticleSpeed" value="2.0" />
<Param name="MaxParticles" value="10" />
<Param name="PulseMode" value="in" />
</Transition>
<Transition name="broken glass" iconid="76" comment="Shatter">
<Param name="InternalName" value="ParticleSystem" />
<Param name="ScatterDirection" value="out" />
<Param name="MaxParticles" value="600" />
<Param name="SpinDirection" value="left and right" />
<Param name="ParticleSpeed" value="40.0" />
<Param name="ParticleSpinSpeed" value="0.5" />
<Param name="ExponentialProgressDuration" value="0.9" />
<Param name="ExponentialProgressScale" value="0.25" />
<Param name="Progress" value="0.50" />
</Transition>
<Transition name="Brokend glaas" iconid="76" comment="Shatter">
<Param name="InternalName" value="ParticleSystem" />
<Param name="ScatterDirection" value="in" />
<Param name="MaxParticles" value="600" />
<Param name="SpinDirection" value="right" />
<Param name="ParticleSpeed" value="40.0" />
<Param name="ParticleSpinSpeed" value="0.5" />
<Param name="ExponentialProgressDuration" value="0.9" />
<Param name="ExponentialProgressScale" value="0.25" />
<Param name="Progress" value="0.01" />
</Transition>
<Transition name="Mathew's transition" iconid="88">
<Param name="InternalName" value="Simple3D" />
<Param name="RevolveCamera" value="true" />
<Param name="ShowAFront" value="true" />
<Param name="ShowABack" value="false" />
<Param name="InitialScaleA" value="smaller" />
<Param name="FinalScaleA" value="bigger" />
<Param name="ShowBFront" value="false" />
<Param name="ShowBBack" value="true" />
</Transition>
<Transition name="Overlay" iconid="33">
<Param name="InternalName" value="Simple3D" />
<Param name="FadeStartA" value="0.0" />
<Param name="Progress" value="0.35" />
</Transition>
<Transition name="Page Curl, upper left" iconid="27" comment="Page Curl, upper left">
<Param name="InternalName" value="Simple3D" />
<Param name="PageCurlA" value="upperleft" />
<Param name="ShowABack" value="true" />
<Param name="FadeStartA" value="0.8" />
</Transition>
<Transition name="Page Curl, upper right" iconid="28" comment="Page Curl, upper right">
<Param name="InternalName" value="Simple3D" />
<Param name="PageCurlA" value="upperright" />
<Param name="ShowABack" value="true" />
<Param name="FadeStartA" value="0.8" />
</Transition>
<Transition name="pixelate1" iconid="76" comment="pixelate1">
<Param name="InternalName" value="ParticleSystem" />
<Param name="ScatterDirection" value="in" />
<Param name="MaxParticles" value="40" />
<Param name="SpinDirection" value="right" />
<Param name="ParticleSpeed" value="40.0" />
<Param name="ParticleSpinSpeed" value="0.5" />
<Param name="ExponentialProgressDuration" value="0.9" />
<Param name="ExponentialProgressScale" value="0.25" />
<Param name="progress" value="0.1" />
</Transition>
<Transition name="Scatter down" iconid="61" comment="Scatter down">
<Param name="InternalName" value="ParticleSystem" />
<Param name="ScatterDirection" value="down" />
<Param name="SpinDirection" value="down" />
<Param name="Gravity" value="6" />
<Param name="RandomizeSpeed" value="0" />
<Param name="BothDirections" value="false" />
</Transition>
<Transition name="Semi Transparancy, 10%" iconid="36"> 
<Param name="InternalName" value="Simple3D" /> 
<Param name="InitialScaleA" value="1.0" /> 
<Param name="ScaleA" value="1" /> 
<Param name="FadeStartA" value="0" /> 
<Param name="Progress" value="0.9" /> 
</Transition>
<Transition name="Semi Transparancy, 20%" iconid="36"> 
<Param name="InternalName" value="Simple3D" /> 
<Param name="InitialScaleA" value="1.0" /> 
<Param name="ScaleA" value="1" /> 
<Param name="FadeStartA" value="0" /> 
<Param name="Progress" value="0.8" /> 
</Transition>
<Transition name="Semi Transparancy, 30%" iconid="36"> 
<Param name="InternalName" value="Simple3D" /> 
<Param name="InitialScaleA" value="1.0" /> 
<Param name="ScaleA" value="1" /> 
<Param name="FadeStartA" value="0" /> 
<Param name="Progress" value="0.7" /> 
</Transition>
<Transition name="Semi Transparancy, 40%" iconid="36"> 
<Param name="InternalName" value="Simple3D" /> 
<Param name="InitialScaleA" value="1.0" /> 
<Param name="ScaleA" value="1" /> 
<Param name="FadeStartA" value="0" /> 
<Param name="Progress" value="0.6" /> 
</Transition>
<Transition name="Semi Transparancy,50%" iconid="36"> 
<Param name="InternalName" value="Simple3D" /> 
<Param name="InitialScaleA" value="1.0" /> 
<Param name="ScaleA" value="1" /> 
<Param name="FadeStartA" value="0" /> 
<Param name="Progress" value="0.5" /> 
</Transition>
<Transition name="Semi Transparancy, 60%" iconid="36"> 
<Param name="InternalName" value="Simple3D" /> 
<Param name="InitialScaleA" value="1.0" /> 
<Param name="ScaleA" value="1" /> 
<Param name="FadeStartA" value="0" /> 
<Param name="Progress" value="0.4" /> 
</Transition>
<Transition name="Semi Transparancy, 70%" iconid="36"> 
<Param name="InternalName" value="Simple3D" /> 
<Param name="InitialScaleA" value="1.0" /> 
<Param name="ScaleA" value="1" /> 
<Param name="FadeStartA" value="0" /> 
<Param name="Progress" value="0.3" /> 
</Transition>
<Transition name="Semi Transparancy, 80%" iconid="36"> 
<Param name="InternalName" value="Simple3D" /> 
<Param name="InitialScaleA" value="1.0" /> 
<Param name="ScaleA" value="1" /> 
<Param name="FadeStartA" value="0" /> 
<Param name="Progress" value="0.2" /> 
</Transition>
<Transition name="Semi Transparancy, 90%" iconid="36"> 
<Param name="InternalName" value="Simple3D" /> 
<Param name="InitialScaleA" value="1.0" /> 
<Param name="ScaleA" value="1" /> 
<Param name="FadeStartA" value="0" /> 
<Param name="Progress" value="0.1" /> 
</Transition>
<Transition name="Shatter Away" iconid="76" comment="shatter away from screen">
<Param name="InternalName" value="ParticleSystem" />
<Param name="ScatterDirection" value="out" />
<Param name="MaxParticles" value="40" />
<Param name="SpinDirection" value="out" />
<Param name="ParticleSpeed" value="40.0" />
<Param name="ParticleSpinSpeed" value="0.5" />
<Param name="ExponentialProgressDuration" value="0.9" />
<Param name="ExponentialProgressScale" value="0.25" />
</Transition>
<Transition name="Shatter, Custom" iconid="76" comment="Shatter">
<Param name="InternalName" value="ParticleSystem" />
<Param name="ScatterDirection" value="down, out" />
<Param name="ParticleSpeed" value="1.0" />
<Param name="SpinDirection" value="down" />
<Param name="ParticleSpinSpeed" value="1.0" />
<Param name="MaxParticles" value="200" />
<Param name="Gravity" value="5" />
<Param name="RandomizeSpeed" value="2.0" />
<Param name="BothDirections" value="false" />
</Transition>
<Transition name="Shrink left" iconid="71" comment="Shrink vertical">
<Param name="InternalName" value="Simple3D" />
<Param name="ScaleA" value="smaller" />
<Param name="ZScaleAStart" value="1.0" />
<Param name="MoveA" value="left" />
<Param name="MoveSpeedA" value="0.6666" />
</Transition>
<Transition name="Shrink right" iconid="71" comment="Shrink vertical">
<Param name="InternalName" value="Simple3D" />
<Param name="ScaleA" value="smaller" />
<Param name="ZScaleAStart" value="1.0" />
<Param name="MoveA" value="right" />
<Param name="MoveSpeedA" value="0.6666" />
</Transition>
<Transition name="Slide down" iconid="40" comment="Slide right">
<Param name="InternalName" value="Simple3D" />
<Param name="MoveA" value="down" />
</Transition>
<Transition name="Slide left" iconid="41" comment="Slide left">
<Param name="InternalName" value="Simple3D" />
<Param name="MoveA" value="left" />
</Transition>
<Transition name="Slide Right" iconid="41">
<Param name="InternalName" value="Simple3D" />
<Param name="MoveA" value="right" />
<Param name="MoveSpeedA" value="1.35" />
</Transition> 
<Transition name="Slide right 2" iconid="41" comment="Slide right">
<Param name="InternalName" value="Simple3D" />
<Param name="MoveA" value="right" />
</Transition>
<Transition name="Spin Left, Larger-Fade" iconid="74" comment="by Nick">
<Param name="InternalName" value="Simple3D" />
<Param name="ScaleA" value="bigger" />
<Param name="RotateA" value="left" />
<Param name="FadeStartA" value="0.1" />
</Transition>
<Transition name="Spin Left, Larger-No Fade" iconid="74" comment="by Nick">
<Param name="InternalName" value="Simple3D" />
<Param name="ScaleA" value="bigger" />
<Param name="RotateA" value="left" />
<Param name="FadeStartA" value="1.0" />
</Transition>
<Transition name="Spin Left, Smaller-No Fade" iconid="74" comment="by Nick">
<Param name="InternalName" value="Simple3D" />
<Param name="ScaleA" value="smaller" />
<Param name="RotateA" value="left" />
<Param name="FadeStartA" value="1.0" />
</Transition>
<Transition name="Spin out, right" iconid="74">
<Param name="InternalName" value="Simple3D" />
<Param name="ScaleA" value="smaller" />
<Param name="RotateA" value="right" />
<Param name="FadeStartA" value="0.2" />
</Transition>
<Transition name="Spin Right, Larger-Fade" iconid="74" comment="by Nick">
<Param name="InternalName" value="Simple3D" />
<Param name="ScaleA" value="bigger" />
<Param name="RotateA" value="right" />
<Param name="FadeStartA" value="0.1" />
</Transition>
<Transition name="Spin Right, Larger-No Fade" iconid="74" comment="by Nick">
<Param name="InternalName" value="Simple3D" />
<Param name="ScaleA" value="bigger" />
<Param name="RotateA" value="right" />
<Param name="FadeStartA" value="1.0" />
</Transition>
<Transition name="Spin Right, Smaller-Fade" iconid="74" comment="by Nick">
<Param name="InternalName" value="Simple3D" />
<Param name="ScaleA" value="smaller" />
<Param name="RotateA" value="right" />
<Param name="FadeStartA" value="0.1" />
</Transition>
<Transition name="Spin Right, Smaller-No Fade" iconid="74" comment="by Nick">
<Param name="InternalName" value="Simple3D" />
<Param name="ScaleA" value="smaller" />
<Param name="RotateA" value="right" />
<Param name="FadeStartA" value="1.0" />
</Transition>
<Transition name="Video Gets Bigger" iconid="39">
<Param name="InternalName" value="Simple3D" />
<Param name="InitialScaleA" value="0.1" />
<Param name="ScaleA" value="0.8" />
</Transition>
</TransitionDLL>
</Transitions>
</TransitionsAndEffects>